[
    {
        "imageUrl": "https://www.atomy.com/in/shopping/p_img/100/00511_2.jpg",
        "title": "Compact Toothbrush 8N",
        "price": 1050,
        "gds": "D00511"
    },
    {
        "imageUrl": "https://www.atomy.com/in/shopping/p_img/100/00510_2.jpg",
        "title": "Toothbrush 8N",
        "price": 1050,
        "gds": "D00510"
    },
    {
        "imageUrl": "https://www.atomy.com/in/shopping/p_img/100/01513_2.jpg",
        "title": "Atomy Absolute 24K Gold Night Mask",
        "price": 3100,
        "gds": "D01513"
    },
    {
        "imageUrl": "https://www.atomy.com/in/shopping/p_img/100/01507_2.jpg",
        "title": "Atomy Absolute Reset Balm",
        "price": 1200,
        "gds": "D01507"
    },
    {
        "imageUrl": "https://www.atomy.com/in/shopping/p_img/100/00620_2.jpg",
        "title": "Saengmodan Hair Tonic",
        "price": 1300,
        "gds": "D00620"
    },
    {
        "imageUrl": "https://www.atomy.com/in/shopping/p_img/100/00521_2.jpg",
        "title": "Toothpaste 50g x 4 N",
        "price": 600,
        "gds": "D00521"
    },
    {
        "imageUrl": "https://www.atomy.com/in/shopping/p_img/100/00183_2.jpg",
        "title": "Atomy Pomegranate Mixed Fruit Jelly",
        "price": 7500,
        "gds": "D00183"
    },
    {
        "imageUrl": "https://www.atomy.com/in/shopping/p_img/100/00104_2.jpg",
        "title": "HemoHIM *4set",
        "price": 60000,
        "gds": "D00104"
    },
    {
        "imageUrl": "https://www.atomy.com/in/shopping/p_img/100/00102_2.jpg",
        "title": "HemoHIM *2set",
        "price": 30000,
        "gds": "D00102"
    },
    {
        "imageUrl": "https://www.atomy.com/in/shopping/p_img/100/90178_2.jpeg",
        "title": "ATOMY 100% PURE* SPIRULINA (India)",
        "price": 699,
        "gds": "D90178"
    },
    {
        "imageUrl": "https://www.atomy.com/in/shopping/p_img/100/00281_2.jpeg",
        "title": "Sunscreen SPF50+ PA+++(Beige )",
        "price": 900,
        "gds": "D00281"
    },
    {
        "imageUrl": "https://www.atomy.com/in/shopping/p_img/100/00003_2.jpeg",
        "title": "The Fame Skincare Set (5 Pcs per Set)",
        "price": 9100,
        "gds": "D00003"
    },
    {
        "imageUrl": "https://www.atomy.com/in/shopping/p_img/100/00160_2.JPG",
        "title": "Atomy Nutraceutical Mix",
        "price": 4500,
        "gds": "D00160"
    },
    {
        "imageUrl": "https://www.atomy.com/in/shopping/p_img/100/00475_2.jpg",
        "title": "Cerabebe 3set",
        "price": 4000,
        "gds": "D00475"
    },
    {
        "imageUrl": "https://www.atomy.com/in/shopping/p_img/100/00474_2.jpg",
        "title": "Atomy Cerabebe Shampoo & Bath",
        "price": 1300,
        "gds": "D00474"
    },
    {
        "imageUrl": "https://www.atomy.com/in/shopping/p_img/100/00351_2.jpeg",
        "title": "Evening Care Set(4 Pcs per Set)",
        "price": 3300,
        "gds": "D00351"
    },
    {
        "imageUrl": "https://www.atomy.com/in/shopping/p_img/100/00267_2.png",
        "title": "Absolute Nutrition Cream",
        "price": 3300,
        "gds": "D00267"
    },
    {
        "imageUrl": "https://www.atomy.com/in/shopping/p_img/100/00271_2.jpeg",
        "title": "Sunscreen SPF50+ PA+++(White )",
        "price": 900,
        "gds": "D00271"
    },
    {
        "imageUrl": "https://www.atomy.com/in/shopping/p_img/100/00266_2.jpg",
        "title": "Healthy Glow Base SPF30 PA++",
        "price": 1400,
        "gds": "D00266"
    },
    {
        "imageUrl": "https://www.atomy.com/in/shopping/p_img/100/00460_2.jpg",
        "title": "Lip Treatment",
        "price": 600,
        "gds": "D00460"
    },
    {
        "imageUrl": "https://www.atomy.com/in/shopping/p_img/100/00826_2.jpg",
        "title": "Sheet Laundry Detergent",
        "price": 1600,
        "gds": "D00826"
    },
    {
        "imageUrl": "https://www.atomy.com/in/shopping/p_img/100/00257_2.png",
        "title": "Absolute Eye-Complex",
        "price": 3700,
        "gds": "D00257"
    },
    {
        "imageUrl": "https://www.atomy.com/in/shopping/p_img/100/00247_2.png",
        "title": "Absolute Lotion",
        "price": 3400,
        "gds": "D00247"
    },
    {
        "imageUrl": "https://www.atomy.com/in/shopping/p_img/100/00237_2.png",
        "title": "Absolute Serum",
        "price": 3700,
        "gds": "D00237"
    },
    {
        "imageUrl": "https://www.atomy.com/in/shopping/p_img/100/00217_2.png",
        "title": "Absolute Toner",
        "price": 3300,
        "gds": "D00217"
    },
    {
        "imageUrl": "https://www.atomy.com/in/shopping/p_img/100/00227_2.png",
        "title": "Absolute Ampoule",
        "price": 4500,
        "gds": "D00227"
    },
    {
        "imageUrl": "https://www.atomy.com/in/shopping/p_img/100/00207_2.png",
        "title": "Absolute Skincare Set",
        "price": 20000,
        "gds": "D00207"
    },
    {
        "imageUrl": "https://www.atomy.com/in/shopping/p_img/100/00835_2.jpg",
        "title": "Stainless Scrubber 2N",
        "price": 400,
        "gds": "D00835"
    },
    {
        "imageUrl": "https://www.atomy.com/in/shopping/p_img/100/00832_2.jpg",
        "title": "Scrubber 4N",
        "price": 600,
        "gds": "D00832"
    },
    {
        "imageUrl": "https://www.atomy.com/in/shopping/p_img/100/00693_2.jpg",
        "title": "Scalpcare 2 Set",
        "price": 2800,
        "gds": "D00693"
    },
    {
        "imageUrl": "https://www.atomy.com/in/shopping/p_img/100/00692_2.JPG",
        "title": "Scalpcare Hair Conditioner",
        "price": 1600,
        "gds": "D00692"
    },
    {
        "imageUrl": "https://www.atomy.com/in/shopping/p_img/100/00691_2.jpg",
        "title": "Scalpcare Hair Shampoo",
        "price": 1500,
        "gds": "D00691"
    },
    {
        "imageUrl": "https://www.atomy.com/in/shopping/p_img/100/00681_2.jpg",
        "title": "Hair Essential Oil",
        "price": 1300,
        "gds": "D00681"
    },
    {
        "imageUrl": "https://www.atomy.com/in/shopping/p_img/100/00661_2.jpg",
        "title": "Herbal Hair Conditioner",
        "price": 1400,
        "gds": "D00661"
    },
    {
        "imageUrl": "https://www.atomy.com/in/shopping/p_img/100/00631_2.jpg",
        "title": "Herbal Body Cleanser",
        "price": 1000,
        "gds": "D00631"
    },
    {
        "imageUrl": "https://www.atomy.com/in/shopping/p_img/100/00861_2.jpg",
        "title": "Liquid Laundry Detergent",
        "price": 1300,
        "gds": "D00861"
    },
    {
        "imageUrl": "https://www.atomy.com/in/shopping/p_img/100/00611_2.JPG",
        "title": "Herbal Hair Treatment",
        "price": 800,
        "gds": "D00611"
    },
    {
        "imageUrl": "https://www.atomy.com/in/shopping/p_img/100/00755_2.jpeg",
        "title": "Hydra Brightening capsule essence",
        "price": 1600,
        "gds": "D00755"
    },
    {
        "imageUrl": "https://www.atomy.com/in/shopping/p_img/100/00601_2.jpg",
        "title": "Herbal Hair Shampoo",
        "price": 1200,
        "gds": "D00601"
    },
    {
        "imageUrl": "https://www.atomy.com/in/shopping/p_img/100/00756_2.jpeg",
        "title": "Hydra Brightening cream",
        "price": 1600,
        "gds": "D00756"
    },
    {
        "imageUrl": "https://www.atomy.com/in/shopping/p_img/100/00541_2.jpeg",
        "title": "Hand Soap",
        "price": 500,
        "gds": "D00541"
    },
    {
        "imageUrl": "https://www.atomy.com/in/shopping/p_img/100/04006_2.jpg",
        "title": "Atomy Algae Omega3",
        "price": 5800,
        "gds": "D04006"
    },
    {
        "imageUrl": "https://www.atomy.com/in/shopping/p_img/100/00520_2.jpg",
        "title": "Oral Care System*1set",
        "price": 1300,
        "gds": "D00520"
    },
    {
        "imageUrl": "https://www.atomy.com/in/shopping/p_img/100/00311_2.jpg",
        "title": "Evening Care Peeling Gel",
        "price": 900,
        "gds": "D00311"
    },
    {
        "imageUrl": "https://www.atomy.com/in/shopping/p_img/100/00501_2.jpg",
        "title": "Toothpaste 200g X 5 N",
        "price": 2000,
        "gds": "D00501"
    },
    {
        "imageUrl": "https://www.atomy.com/in/shopping/p_img/100/00331_2.JPG",
        "title": "Evening Care Peel Off Mask",
        "price": 900,
        "gds": "D00331"
    },
    {
        "imageUrl": "https://www.atomy.com/in/shopping/p_img/100/00321_2.jpg",
        "title": "Evening Care Deep Cleanser",
        "price": 900,
        "gds": "D00321"
    },
    {
        "imageUrl": "https://www.atomy.com/in/shopping/p_img/100/00768_2.jpg",
        "title": "A.C. Expert System Set",
        "price": 6300,
        "gds": "D00768"
    },
    {
        "imageUrl": "https://www.atomy.com/in/shopping/p_img/100/00301_2.jpg",
        "title": "Evening Care Foam Cleanser",
        "price": 900,
        "gds": "D00301"
    },
    {
        "imageUrl": "https://www.atomy.com/in/shopping/p_img/100/00261_2.jpg",
        "title": "BB Cream SPF30 PA++",
        "price": 900,
        "gds": "D00261"
    },
    {
        "imageUrl": "https://www.atomy.com/in/shopping/p_img/100/00198_2.jpg",
        "title": "The Fame Nutrition Cream",
        "price": 2000,
        "gds": "D00198"
    },
    {
        "imageUrl": "https://www.atomy.com/in/shopping/p_img/100/00196_2.jpg",
        "title": "The Fame Lotion",
        "price": 2000,
        "gds": "D00196"
    },
    {
        "imageUrl": "https://www.atomy.com/in/shopping/p_img/100/92680_2.jpeg",
        "title": "Atomy T-Shirt (S)-1N",
        "price": 378,
        "gds": "D92680"
    },
    {
        "imageUrl": "https://www.atomy.com/in/shopping/p_img/100/00194_2.jpg",
        "title": "The Fame Essence",
        "price": 2100,
        "gds": "D00194"
    },
    {
        "imageUrl": "https://www.atomy.com/in/shopping/p_img/100/92681_2.jpeg",
        "title": "Atomy T-Shirt (M)-1N",
        "price": 378,
        "gds": "D92681"
    },
    {
        "imageUrl": "https://www.atomy.com/in/shopping/p_img/100/00192_2.jpg",
        "title": "The Fame Eye Cream",
        "price": 2000,
        "gds": "D00192"
    },
    {
        "imageUrl": "https://www.atomy.com/in/shopping/p_img/100/92676_2.jpeg",
        "title": "Atomy T-Shirt (L)-1N",
        "price": 378,
        "gds": "D92676"
    },
    {
        "imageUrl": "https://www.atomy.com/in/shopping/p_img/100/00190_2.JPG",
        "title": "The Fame Toner",
        "price": 2000,
        "gds": "D00190"
    },
    {
        "imageUrl": "https://www.atomy.com/in/shopping/p_img/100/92677_2.jpeg",
        "title": "Atomy T-Shirt (XL)-1N",
        "price": 378,
        "gds": "D92677"
    },
    {
        "imageUrl": "https://www.atomy.com/in/shopping/p_img/100/92682_2.jpeg",
        "title": "Atomy T-Shirt (XXL)-1N",
        "price": 378,
        "gds": "D92682"
    },
    {
        "imageUrl": "https://www.atomy.com/in/shopping/p_img/100/94085_2.jpg",
        "title": "Atomy Shilajit Capsules",
        "price": 899,
        "gds": "D94085"
    },
    {
        "imageUrl": "https://www.atomy.com/in/shopping/p_img/100/94084_2.png",
        "title": "Atomy 100% Pure* Spirulina Powder",
        "price": 1999,
        "gds": "D94084"
    },
    {
        "imageUrl": "https://www.atomy.com/in/shopping/p_img/100/92658_2.jpg",
        "title": "Atomy Life Scenario (Including Moment of Truth)",
        "price": 150,
        "gds": "D92658"
    },
    {
        "imageUrl": "https://www.atomy.com/in/shopping/p_img/100/92618_2.jpg",
        "title": "English Pamphlet Foldable- Version 2024 (25 pcs per pack)",
        "price": 210,
        "gds": "D92618"
    },
    {
        "imageUrl": "https://www.atomy.com/in/shopping/p_img/100/92453_2.jpg",
        "title": "Mini Catalog 10 Pcs-(English)- Version Oct 2024",
        "price": 500,
        "gds": "D92453"
    },
    {
        "imageUrl": "https://www.atomy.com/in/shopping/p_img/100/92445_2.jpeg",
        "title": "Shopping Bag(Non Woven)",
        "price": 28,
        "gds": "D92445"
    },
    {
        "imageUrl": "https://www.atomy.com/in/shopping/p_img/100/92405_2.jpeg",
        "title": "Atomy Diary",
        "price": 531,
        "gds": "D92405"
    },
    {
        "imageUrl": "https://www.atomy.com/in/shopping/p_img/100/90501_2.jpeg",
        "title": "Atomy Toothpaste 200g x1N",
        "price": 400,
        "gds": "D90501"
    },
    {
        "imageUrl": "https://www.atomy.com/in/shopping/p_img/100/07116_2.jpg",
        "title": "Atomy 360 Degree Health Combo*",
        "price": 12999,
        "gds": "D07116"
    },
    {
        "imageUrl": "https://www.atomy.com/in/shopping/p_img/100/07115_2.jpg",
        "title": "Atomy Korean Beauty Pack",
        "price": 3200,
        "gds": "D07115"
    },
    {
        "imageUrl": "https://www.atomy.com/in/shopping/p_img/100/04717_2.jpg",
        "title": "Adelica Waterproof Mascara - Black",
        "price": 1000,
        "gds": "D04717"
    },
    {
        "imageUrl": "https://www.atomy.com/in/shopping/p_img/100/02479_2.JPG",
        "title": "ATOMY DNA (ENGLISH)",
        "price": 850,
        "gds": "D02479"
    },
    {
        "imageUrl": "https://www.atomy.com/in/shopping/p_img/100/01443_2.jpg",
        "title": "Synergy Ampoule Program *1 set",
        "price": 8500,
        "gds": "D01443"
    },
    {
        "imageUrl": "https://www.atomy.com/in/shopping/p_img/100/01235_2.jpg",
        "title": "Atomy Homme Energizing All In One",
        "price": 2000,
        "gds": "D01235"
    },
    {
        "imageUrl": "https://www.atomy.com/in/shopping/p_img/100/00975_2.jpeg",
        "title": "Atomy Cafe Arabica Black (50 sticks)",
        "price": 2000,
        "gds": "D00975"
    },
    {
        "imageUrl": "https://www.atomy.com/in/shopping/p_img/100/00871_2.jpg",
        "title": "Fabric Softener",
        "price": 1500,
        "gds": "D00871"
    },
    {
        "imageUrl": "https://www.atomy.com/in/shopping/p_img/100/00838_2.jpg",
        "title": "Atomy 365 Anti Droplet Face Mask (50 sheet)",
        "price": 3200,
        "gds": "D00838"
    },
    {
        "imageUrl": "https://www.atomy.com/in/shopping/p_img/100/00828_2.jpg",
        "title": "Fabric Detergent (1KG)",
        "price": 800,
        "gds": "D00828"
    },
    {
        "imageUrl": "https://www.atomy.com/in/shopping/p_img/100/00808_2.jpg",
        "title": "Atomy Anti Pollution Mask [KF94] (5 pcs)",
        "price": 800,
        "gds": "D00808"
    },
    {
        "imageUrl": "https://www.atomy.com/in/shopping/p_img/100/00801_2.jpg",
        "title": "Atomy Dishwashing Liquid",
        "price": 1200,
        "gds": "D00801"
    },
    {
        "imageUrl": "https://www.atomy.com/in/shopping/p_img/100/00757_2.jpg",
        "title": "Hydra Brightening Care Set (2 Pcs per Set)",
        "price": 3000,
        "gds": "D00757"
    },
    {
        "imageUrl": "https://www.atomy.com/in/shopping/p_img/100/00553_2.JPG",
        "title": "Cleansing Travel Kit (6pcs per set)",
        "price": 1500,
        "gds": "D00553"
    },
    {
        "imageUrl": "https://www.atomy.com/in/shopping/p_img/100/00488_2.jpg",
        "title": "Atomy Sugar Body Scrub",
        "price": 1400,
        "gds": "D00488"
    },
    {
        "imageUrl": "https://www.atomy.com/in/shopping/p_img/100/00487_2.jpg",
        "title": "Atomy Salt Body Scrub",
        "price": 1400,
        "gds": "D00487"
    },
    {
        "imageUrl": "https://www.atomy.com/in/shopping/p_img/100/00482_2.jpg",
        "title": "Atomy Deep Pure Cleansing Oil",
        "price": 2100,
        "gds": "D00482"
    },
    {
        "imageUrl": "https://www.atomy.com/in/shopping/p_img/100/00467_2.jpg",
        "title": "Atomy Daily Expert Mask Firming",
        "price": 1300,
        "gds": "D00467"
    },
    {
        "imageUrl": "https://www.atomy.com/in/shopping/p_img/100/00466_2.jpg",
        "title": "Atomy Daily Expert Mask Brightening",
        "price": 1300,
        "gds": "D00466"
    },
    {
        "imageUrl": "https://www.atomy.com/in/shopping/p_img/100/00465_2.jpg",
        "title": "Atomy Daily Expert Mask Moisturizing",
        "price": 1300,
        "gds": "D00465"
    },
    {
        "imageUrl": "https://www.atomy.com/in/shopping/p_img/100/00400_2.jpg",
        "title": "Atomy Lip Glow",
        "price": 1200,
        "gds": "D00400"
    },
    {
        "imageUrl": "https://www.atomy.com/in/shopping/p_img/100/00295_2.jpg",
        "title": "Atomy Rose Rain Mist",
        "price": 1400,
        "gds": "D00295"
    },
    {
        "imageUrl": "https://www.atomy.com/in/shopping/p_img/100/00286_2.jpg",
        "title": "Atomy Sun Stick",
        "price": 1200,
        "gds": "D00286"
    },
    {
        "imageUrl": "https://www.atomy.com/in/shopping/p_img/100/00180_2.jpg",
        "title": "Atomy Pu'er Tea",
        "price": 3600,
        "gds": "D00180"
    },
    {
        "imageUrl": "https://www.atomy.com/in/shopping/p_img/100/00174_2.jfif",
        "title": "Atomy Milk Thistle",
        "price": 3800,
        "gds": "D00174"
    },
    {
        "imageUrl": "https://www.atomy.com/in/shopping/p_img/100/00170_2.png",
        "title": "Atomy Noni Drink",
        "price": 6500,
        "gds": "D00170"
    },
    {
        "imageUrl": "https://www.atomy.com/in/shopping/p_img/100/00111_2.jpg",
        "title": "Alaska E-Omega 3",
        "price": 4000,
        "gds": "D00111"
    },
    {
        "imageUrl": "https://www.atomy.com/in/shopping/p_img/100/00101_2.jpg",
        "title": "HemoHIM *1set",
        "price": 15000,
        "gds": "D00101"
    }
]